name,username,password,employee_type
John Doe,jdoe01,RandomPass!123,Provider
Jane Smith,jsmith02,RandomPass!456,Provider
Bob Johnson,bjohnson03,RandomPass!789,Provider
Alice Williams,awilliams04,RandomPass!101,Provider
David Brown,dbrown05,RandomPass!102,Provider
Emma White,ewhite06,RandomPass!103,Provider
Chris Green,cgreen07,RandomPass!104,Provider
Sophie Taylor,staylor08,RandomPass!105,Provider
Mark Lee,mlee09,RandomPass!106,Provider
Sarah Clark,sclark10,RandomPass!107,Provider
Steve Wilson,swilson11,RandomPass!108,Provider
Olivia Scott,oscott12,RandomPass!109,Provider
Daniel King,dking13,RandomPass!110,Provider
George Harris,gharris14,RandomPass!111,Provider
Lily Adams,ladams15,RandomPass!112,Provider
Paul Evans,pevans16,RandomPass!113,Provider
Jessica Martin,jmartin17,RandomPass!114,Provider
Brian Mitchell,bmitchell18,RandomPass!115,Provider
Rachel Carter,rcarter19,RandomPass!116,Provider
James Cooper,jcooper20,RandomPass!117,Provider
Kimberly Wright,kwright21,RandomPass!118,Provider
Michael Roberts,mroberts22,RandomPass!119,Provider
Patricia Morris,pmorris23,RandomPass!120,Provider
Charles King,cking24,RandomPass!121,Provider
Amy Evans,aevans25,RandomPass!122,Provider
Robert Walker,rwalker26,RandomPass!123,Provider
Karen Hall,khall27,RandomPass!124,ProviderManager
Larry Young,lyoung28,RandomPass!125,ProviderManager
Betty Carter,bcarter29,RandomPass!126,ProviderManager
Richard Harris,rharris30,RandomPass!127,ProviderManager
Nancy Nelson,nnelson31,RandomPass!128,ProviderManager
John Mitchell,jmitchell32,RandomPass!129,ProviderManager
Laura Lopez,llopez33,RandomPass!130,ProviderManager
Joseph Green,jgreen34,RandomPass!131,ProviderManager
Megan Baker,mbaker35,RandomPass!132,ProviderManager
Andrew Miller,amiller36,RandomPass!133,ProviderManager
Doris Turner,dturner37,RandomPass!134,ProviderManager
Alan Roberts,aroberts38,RandomPass!135,ProviderManager
Jennifer Lee,jlee39,RandomPass!136,ProviderManager
Carl Evans,cevans40,RandomPass!137,ProviderManager
Peter King,pking41,RandomPass!138,ProviderManager
Gary Johnson,gjohnson42,RandomPass!139,Analyst
Melissa Martinez,mmartinez43,RandomPass!140,Analyst
Jessica Thomas,jthomas44,RandomPass!141,Analyst
James Walker,jwalker45,RandomPass!142,Analyst
Michael Adams,madams46,RandomPass!143,Analyst
Rachel Scott,rscott47,RandomPass!144,Analyst
George Carter,gcarter48,RandomPass!145,Analyst
Laura Moore,lmoore49,RandomPass!146,Analyst
Robert Clark,rclark50,RandomPass!147,Analyst
Nicole Harris,nharris51,RandomPass!148,Analyst
Susan Young,syoung52,RandomPass!149,Analyst
Daniel Lee,dlee53,RandomPass!150,Analyst
Alice Hall,ahall54,RandomPass!151,Analyst
William Wright,wwright55,RandomPass!152,Analyst
Edward Robinson,erobinson56,RandomPass!153,Analyst
Carol Mitchell,cmitchell57,RandomPass!154,Analyst
Brian Evans,bevans58,RandomPass!155,Analyst
Paul Green,pgreen59,RandomPass!156,Analyst
Emma Thompson,ethompson60,RandomPass!157,SiteAdministrator
Linda White,lwhite61,RandomPass!158,SiteAdministrator
Karen Davis,kdavis62,RandomPass!159,SiteAdministrator
Rachel Adams,radams63,RandomPass!160,SiteAdministrator
Michael Thomas,mthomas64,RandomPass!161,SiteAdministrator
Daniel Walker,dwalker65,RandomPass!162,SiteAdministrator
Susan Carter,scarter66,RandomPass!163,SiteAdministrator
Frank Mitchell,fmitchell67,RandomPass!164,SiteAdministrator
George Lee,glee68,RandomPass!165,SiteAdministrator
Olivia Wright,owright69,RandomPass!166,SiteAdministrator
Carol Johnson,cjohnson70,RandomPass!167,SiteAdministrator
James White,jwhite71,RandomPass!168,SiteAdministrator
Matthew Scott,mscott72,RandomPass!169,SiteAdministrator
Laura King,lking73,RandomPass!170,SiteAdministrator
William Green,wgreen74,RandomPass!171,SiteAdministrator
Helen Brown,hbrown75,RandomPass!172,SiteAdministrator
Olivia Black,oblack76,RandomPass!173,DataAdministrator
Peter Davis,pdavis77,RandomPass!174,DataAdministrator
Mary Johnson,mjohnson78,RandomPass!175,DataAdministrator
Lucy Wilson,lwilson79,RandomPass!176,DataAdministrator
Barbara Green,bgreen80,RandomPass!177,DataAdministrator
Frank Clark,fclark81,RandomPass!178,DataAdministrator
James Thomas,jthomas82,RandomPass!179,DataAdministrator
Karen Lee,klee83,RandomPass!180,DataAdministrator
Nancy Baker,nbaker84,RandomPass!181,DataAdministrator
George Young,gyoung85,RandomPass!182,DataAdministrator
Robert White,rwhite86,RandomPass!183,DataAdministrator
Maria Evans,mevans87,RandomPass!184,DataAdministrator
Stephen Scott,sscott88,RandomPass!185,DataAdministrator
Laura Wilson,lwilson89,RandomPass!186,DataAdministrator
Joseph Clark,jclark90,RandomPass!187,TenantAdministrator
Thomas Adams,tadams91,RandomPass!188,TenantAdministrator
Rachel Moore,rmoore92,RandomPass!189,TenantAdministrator
Patricia Young,pyoung93,RandomPass!190,TenantAdministrator
George Walker,gwalker94,RandomPass!191,TenantAdministrator
Alice Green,agreen95,RandomPass!192,TenantAdministrator
Daniel Lee,dlee96,RandomPass!193,TenantAdministrator
David White,dwhite97,RandomPass!194,TenantAdministrator
Brian Adams,badams98,RandomPass!195,TenantAdministrator
Jennifer King,jking99,RandomPass!196,TenantAdministrator
William Brown,wbrown100,RandomPass!197,DeptChair
Karen Davis,kdavis101,RandomPass!198,DeptChair
Mary Clark,mclark102,RandomPass!199,DeptChair
Rachel Thompson,rthompson103,RandomPass!200,DeptChair
Linda Taylor,ltaylor104,RandomPass!201,DeptChair
James Lee,jlee105,RandomPass!202,DeptChair
Susan Walker,swalker106,RandomPass!203,DeptChair
Frank Harris,fharris107,RandomPass!204,DeptChair
Karen Adams,kadams108,RandomPass!205,DeptChair
Robert Clark,rclark109,RandomPass!206,Executive
Nancy Johnson,njohnson110,RandomPass!207,Executive
Paul White,pwhite111,RandomPass!208,Executive
Elizabeth Scott,escott112,RandomPass!209,Executive
Thomas Walker,twalker113,RandomPass!210,Executive
Karen Moore,kmoore114,RandomPass!211,Executive
James Brown,jbrown115,RandomPass!212,Executive
Robert Green,rgreen116,RandomPass!213,Executive
Susan Lee,slee117,RandomPass!214,Executive
Brian Evans,bevans118,RandomPass!215,Executive